{
  "avatar1": {
    "rowGroup": "footer",
    "subcontainer": "sidebarFrame1",
    "height": 0.2,
    "width": 1
  },
  "barChart1": {
    "container": "container7",
    "rowGroup": "header",
    "subcontainer": "e471e",
    "row": 0.6,
    "height": 15.4,
    "width": 6,
    "stackPosition": {
      "object": {
        "ordinal": 4,
        "widthType": "fixed",
        "width": 0,
        "height": 0
      }
    }
  },
  "barChart2": {
    "container": "container7",
    "rowGroup": "header",
    "subcontainer": "e471e",
    "row": 0.6,
    "col": 6,
    "height": 15.4,
    "width": 6,
    "stackPosition": {
      "object": {
        "ordinal": 1,
        "widthType": "fixed",
        "width": 0,
        "height": 0
      }
    }
  },
  "chart1": {
    "container": "container3",
    "subcontainer": "cc2c6",
    "row": 13.8,
    "height": 11.8,
    "width": 7,
    "stackPosition": {
      "object": {
        "ordinal": 1,
        "widthType": "fixed",
        "width": 0,
        "height": 0
      }
    }
  },
  "chat2": {
    "subcontainer": "drawerFrame1",
    "height": 9.6,
    "width": 4
  },
  "container1": {
    "row": 82.2,
    "height": 3.8,
    "width": 12,
    "stackPosition": {
      "object": {
        "ordinal": 0,
        "widthType": "fixed",
        "width": 0,
        "height": 0
      }
    }
  },
  "container10": {
    "row": 7,
    "height": 3.2,
    "width": 12,
    "stackPosition": {
      "object": {
        "ordinal": 0,
        "widthType": "fixed",
        "width": 0,
        "height": 0
      }
    }
  },
  "container11": {
    "row": 113.4,
    "height": 0.2,
    "width": 12,
    "stackPosition": {
      "object": {
        "ordinal": 3,
        "widthType": "fixed",
        "width": 0,
        "height": 0
      }
    }
  },
  "container12": {
    "row": 113.2,
    "height": 0.2,
    "width": 12,
    "stackPosition": {
      "object": {
        "ordinal": 0,
        "widthType": "fixed",
        "width": 0,
        "height": 0
      }
    }
  },
  "container13": {
    "row": 113.6,
    "height": 0.2,
    "width": 12
  },
  "container2": {
    "row": 10.2,
    "height": 13.4,
    "width": 12,
    "stackPosition": {
      "object": {
        "ordinal": 0,
        "widthType": "fixed",
        "width": 0,
        "height": 0
      }
    }
  },
  "container3": {
    "row": 109.4,
    "height": 3.8,
    "width": 12,
    "stackPosition": {
      "object": {
        "ordinal": 0,
        "widthType": "fixed",
        "width": 0,
        "height": 0
      }
    }
  },
  "container7": {
    "row": 26.4,
    "height": 3.8,
    "width": 12,
    "stackPosition": {
      "object": {
        "ordinal": 0,
        "widthType": "fixed",
        "width": 0,
        "height": 0
      }
    }
  },
  "container9": {
    "row": 73.4,
    "height": 0.2,
    "width": 12,
    "stackPosition": {
      "object": {
        "ordinal": 0,
        "widthType": "fixed",
        "width": 0,
        "height": 0
      }
    }
  },
  "containerTitle1": {
    "container": "container1",
    "rowGroup": "header",
    "height": 0.6,
    "width": 12
  },
  "containerTitle10": {
    "container": "container10",
    "rowGroup": "header",
    "height": 0.6,
    "width": 12
  },
  "containerTitle11": {
    "container": "container11",
    "rowGroup": "header",
    "height": 0.6,
    "width": 12
  },
  "containerTitle12": {
    "container": "container12",
    "rowGroup": "header",
    "height": 0.6,
    "width": 12
  },
  "containerTitle13": {
    "container": "container13",
    "rowGroup": "header",
    "height": 0.6,
    "width": 12
  },
  "containerTitle2": {
    "container": "container2",
    "rowGroup": "header",
    "height": 0.6,
    "width": 12
  },
  "containerTitle3": {
    "container": "container3",
    "rowGroup": "header",
    "height": 0.6,
    "width": 12
  },
  "containerTitle7": {
    "container": "container7",
    "rowGroup": "header",
    "subcontainer": "e471e",
    "height": 0.6,
    "width": 12
  },
  "containerTitle9": {
    "container": "container9",
    "rowGroup": "header",
    "height": 0.6,
    "width": 12
  },
  "date10": {
    "container": "form2",
    "row": 1,
    "height": 0.2,
    "width": 12
  },
  "date11": {
    "container": "form7",
    "row": 0.8,
    "height": 0.2,
    "width": 12
  },
  "date4": {
    "container": "form4",
    "row": 1.6,
    "height": 0.2,
    "width": 12
  },
  "date6": {
    "container": "container10",
    "rowGroup": "header",
    "subcontainer": "682d2",
    "row": 1.2,
    "col": 5,
    "height": 0.2,
    "width": 2
  },
  "date7": {
    "container": "container7",
    "subcontainer": "e471e",
    "row": 0,
    "col": 4,
    "height": 0.2,
    "width": 4,
    "stackPosition": {
      "object": {
        "ordinal": 2,
        "widthType": "fixed",
        "width": 0,
        "height": 0
      }
    }
  },
  "drawerCloseButton1": {
    "rowGroup": "header",
    "subcontainer": "drawerFrame1",
    "col": 9,
    "height": 1
  },
  "drawerCloseButton2": {
    "rowGroup": "header",
    "subcontainer": "drawerFrame2",
    "col": 9,
    "height": 1
  },
  "drawerTitle1": {
    "rowGroup": "header",
    "subcontainer": "drawerFrame1",
    "height": 0.6,
    "width": 9
  },
  "drawerTitle2": {
    "rowGroup": "header",
    "subcontainer": "drawerFrame2",
    "height": 0.6,
    "width": 9
  },
  "form2": {
    "container": "container3",
    "subcontainer": "cc2c6",
    "row": 13.4,
    "col": 8,
    "height": 0.2,
    "width": 4,
    "stackPosition": {
      "object": {
        "ordinal": 2,
        "widthType": "fixed",
        "width": 0,
        "height": 0
      }
    }
  },
  "form4": {
    "row": 25.2,
    "height": 0.2,
    "width": 8,
    "stackPosition": {
      "object": {
        "ordinal": 0,
        "widthType": "fixed",
        "width": 0,
        "height": 0
      }
    }
  },
  "form5": {
    "row": 25.2,
    "col": 8,
    "height": 1,
    "width": 4,
    "stackPosition": {
      "object": {
        "ordinal": 4,
        "widthType": "fixed",
        "width": 0,
        "height": 0
      }
    }
  },
  "form6": {
    "container": "container9",
    "subcontainer": "85d55",
    "row": 0,
    "col": 9,
    "height": 0.2,
    "stackPosition": {
      "object": {
        "ordinal": 1,
        "widthType": "fixed",
        "width": 0,
        "height": 0
      }
    }
  },
  "form7": {
    "container": "container12",
    "subcontainer": "4e7b0",
    "col": 9,
    "height": 0.2,
    "stackPosition": {
      "object": {
        "ordinal": 1,
        "widthType": "fixed",
        "width": 0,
        "height": 0
      }
    }
  },
  "form8": {
    "container": "container11",
    "subcontainer": "59e76",
    "row": 1.6,
    "col": 9,
    "height": 0.2,
    "stackPosition": {
      "object": {
        "ordinal": 1,
        "widthType": "fixed",
        "width": 0,
        "height": 0
      }
    }
  },
  "form9": {
    "row": 26.2,
    "col": 8,
    "height": 0.2,
    "width": 4,
    "stackPosition": {
      "object": {
        "ordinal": 3,
        "widthType": "fixed",
        "width": 0,
        "height": 0
      }
    }
  },
  "formButton2": {
    "container": "form2",
    "rowGroup": "footer",
    "col": 8,
    "height": 1,
    "width": 4
  },
  "formButton4": {
    "container": "form4",
    "rowGroup": "footer",
    "col": 4,
    "height": 1,
    "width": 4
  },
  "formButton5": {
    "container": "form5",
    "rowGroup": "footer",
    "col": 8,
    "height": 1,
    "width": 4
  },
  "formButton6": {
    "container": "form6",
    "rowGroup": "footer",
    "col": 8,
    "height": 1,
    "width": 4
  },
  "formButton7": {
    "container": "form7",
    "rowGroup": "footer",
    "col": 8,
    "height": 1,
    "width": 4
  },
  "formButton8": {
    "container": "form8",
    "rowGroup": "footer",
    "col": 8,
    "height": 1,
    "width": 4
  },
  "formButton9": {
    "container": "form9",
    "rowGroup": "footer",
    "col": 8,
    "height": 1,
    "width": 4
  },
  "formTitle2": {
    "container": "form2",
    "rowGroup": "header",
    "height": 0.6,
    "width": 12
  },
  "formTitle4": {
    "container": "form4",
    "rowGroup": "header",
    "height": 0.6,
    "width": 12
  },
  "formTitle5": {
    "container": "form5",
    "rowGroup": "header",
    "height": 0.6,
    "width": 12
  },
  "formTitle6": {
    "container": "form6",
    "rowGroup": "header",
    "height": 0.6,
    "width": 12
  },
  "formTitle7": {
    "container": "form7",
    "rowGroup": "header",
    "height": 0.6,
    "width": 12
  },
  "formTitle8": {
    "container": "form8",
    "rowGroup": "header",
    "height": 0.6,
    "width": 12
  },
  "formTitle9": {
    "container": "form9",
    "rowGroup": "header",
    "height": 0.6,
    "width": 12
  },
  "image1": {
    "rowGroup": "header",
    "subcontainer": "sidebarFrame1",
    "height": 0.6,
    "width": 1
  },
  "modalCloseButton1": {
    "rowGroup": "header",
    "subcontainer": "modalFrame1",
    "col": 9,
    "height": 1
  },
  "modalTitle1": {
    "rowGroup": "header",
    "subcontainer": "modalFrame1",
    "height": 0.6,
    "width": 9
  },
  "navigation2": {
    "subcontainer": "sidebarFrame1",
    "row": 1.4,
    "height": 0.8,
    "width": 1
  },
  "numberInput1": {
    "container": "form4",
    "row": 2,
    "height": 0.2,
    "width": 12
  },
  "numberInput16": {
    "container": "form9",
    "row": 0.2,
    "height": 0.2,
    "width": 12
  },
  "numberInput17": {
    "container": "form2",
    "row": 0.4,
    "height": 0.2,
    "width": 12
  },
  "numberInput18": {
    "container": "form2",
    "row": 0.6,
    "height": 0.2,
    "width": 12
  },
  "numberInput19": {
    "container": "form2",
    "row": 0.8,
    "height": 0.2,
    "width": 12
  },
  "numberInput20": {
    "container": "form2",
    "row": 1.2,
    "height": 0.2,
    "width": 12
  },
  "numberInput21": {
    "container": "form7",
    "row": 0.4,
    "height": 0.2,
    "width": 12
  },
  "numberInput22": {
    "container": "form7",
    "row": 0.6,
    "height": 0.2,
    "width": 12
  },
  "numberInput23": {
    "container": "form8",
    "row": 0.2,
    "height": 0.2,
    "width": 12
  },
  "numberInput24": {
    "container": "form8",
    "row": 0.6,
    "height": 0.2,
    "width": 12
  },
  "numberInput25": {
    "container": "form8",
    "row": 0.8,
    "height": 0.2,
    "width": 12
  },
  "numberInput26": {
    "container": "form5",
    "row": 0.6,
    "height": 0.2,
    "width": 12
  },
  "numberInput27": {
    "container": "form5",
    "row": 0.4,
    "height": 0.2,
    "width": 12
  },
  "numberInput7": {
    "container": "container10",
    "rowGroup": "header",
    "subcontainer": "682d2",
    "row": 1.2,
    "col": 7,
    "height": 0.2,
    "width": 1
  },
  "select10": {
    "container": "form4",
    "row": 1.4,
    "height": 0.2,
    "width": 12
  },
  "select11": {
    "container": "form4",
    "row": 1.8,
    "height": 0.2,
    "width": 12
  },
  "select12": {
    "container": "form4",
    "row": 2.2,
    "height": 0.2,
    "width": 12
  },
  "select16": {
    "container": "container9",
    "subcontainer": "85d55",
    "row": 0,
    "height": 0.2,
    "stackPosition": {
      "object": {
        "ordinal": 0,
        "widthType": "fixed",
        "width": 0,
        "height": 0
      }
    }
  },
  "select20": {
    "container": "container10",
    "rowGroup": "header",
    "subcontainer": "682d2",
    "row": 1.2,
    "col": 8,
    "height": 0.2,
    "width": 2
  },
  "select21": {
    "container": "container10",
    "rowGroup": "header",
    "subcontainer": "682d2",
    "row": 1.2,
    "col": 10,
    "height": 0.2,
    "width": 2
  },
  "select22": {
    "container": "container10",
    "rowGroup": "header",
    "subcontainer": "682d2",
    "row": 1.2,
    "col": 3,
    "height": 0.2,
    "width": 2
  },
  "select23": {
    "container": "container11",
    "subcontainer": "59e76",
    "row": 0,
    "height": 0.2,
    "width": 4,
    "stackPosition": {
      "object": {
        "ordinal": 0,
        "widthType": "fixed",
        "width": 0,
        "height": 0
      }
    }
  },
  "select24": {
    "container": "container11",
    "subcontainer": "59e76",
    "row": 0,
    "col": 5,
    "height": 0.2,
    "width": 4,
    "stackPosition": {
      "object": {
        "ordinal": 2,
        "widthType": "fixed",
        "width": 0,
        "height": 0
      }
    }
  },
  "select25": {
    "container": "container13",
    "subcontainer": "59e76",
    "height": 0.2,
    "width": 4,
    "stackPosition": {
      "object": {
        "ordinal": 0,
        "widthType": "fixed",
        "width": 0,
        "height": 0
      }
    }
  },
  "select26": {
    "container": "container13",
    "subcontainer": "59e76",
    "col": 5,
    "height": 0.2,
    "width": 4,
    "stackPosition": {
      "object": {
        "ordinal": 1,
        "widthType": "fixed",
        "width": 0,
        "height": 0
      }
    }
  },
  "select29": {
    "container": "form9",
    "height": 0.2,
    "width": 12
  },
  "select30": {
    "container": "form8",
    "height": 0.2,
    "width": 12
  },
  "select31": {
    "container": "form8",
    "row": 0.4,
    "height": 0.2,
    "width": 12
  },
  "select32": {
    "container": "form5",
    "height": 0.2,
    "width": 12
  },
  "select33": {
    "container": "form5",
    "row": 0.2,
    "height": 0.2,
    "width": 12
  },
  "spacer1": {
    "row": 96.6,
    "height": 12.2,
    "width": 12
  },
  "table1": {
    "container": "container1",
    "subcontainer": "19b64",
    "height": 8,
    "width": 12,
    "stackPosition": {
      "object": {
        "ordinal": 0,
        "widthType": "fixed",
        "width": 0,
        "height": 0
      }
    }
  },
  "table10": {
    "container": "container13",
    "subcontainer": "59e76",
    "row": 0.2,
    "height": 10.2,
    "width": 12,
    "stackPosition": {
      "object": {
        "ordinal": 2,
        "widthType": "fixed",
        "width": 0,
        "height": 0
      }
    }
  },
  "table3": {
    "container": "container3",
    "subcontainer": "cc2c6",
    "row": 0,
    "height": 12.6,
    "width": 12,
    "stackPosition": {
      "object": {
        "ordinal": 0,
        "widthType": "fixed",
        "width": 0,
        "height": 0
      }
    }
  },
  "table5": {
    "container": "container2",
    "subcontainer": "cc2c6",
    "height": 11.6,
    "width": 12,
    "stackPosition": {
      "object": {
        "ordinal": 0,
        "widthType": "fixed",
        "width": 0,
        "height": 0
      }
    }
  },
  "table6": {
    "container": "container11",
    "subcontainer": "59e76",
    "row": 0.2,
    "height": 10.2,
    "width": 9,
    "stackPosition": {
      "object": {
        "ordinal": 3,
        "widthType": "fixed",
        "width": 0,
        "height": 0
      }
    }
  },
  "table7": {
    "container": "container7",
    "subcontainer": "e471e",
    "row": 2,
    "height": 9.6,
    "width": 12,
    "stackPosition": {
      "object": {
        "ordinal": 0,
        "widthType": "fixed",
        "width": 0,
        "height": 0
      }
    }
  },
  "table8": {
    "container": "container9",
    "subcontainer": "85d55",
    "row": 0,
    "col": 4,
    "height": 5.4,
    "width": 4,
    "stackPosition": {
      "object": {
        "ordinal": 2,
        "widthType": "fixed",
        "width": 0,
        "height": 0
      }
    }
  },
  "table9": {
    "container": "container12",
    "subcontainer": "4e7b0",
    "height": 11,
    "width": 9,
    "stackPosition": {
      "object": {
        "ordinal": 0,
        "widthType": "fixed",
        "width": 0,
        "height": 0
      }
    }
  },
  "text1": {
    "col": 2,
    "height": 0.6,
    "width": 8
  },
  "text2": {
    "row": 2.8,
    "col": 4,
    "height": 0.6,
    "width": 4
  },
  "textArea10": {
    "container": "form4",
    "row": 0.2,
    "height": 1,
    "width": 12
  },
  "textArea11": {
    "container": "form2",
    "row": 1.4,
    "height": 1,
    "width": 12
  },
  "textArea12": {
    "container": "form7",
    "row": 1,
    "height": 1,
    "width": 12
  },
  "textArea13": {
    "container": "form8",
    "row": 1,
    "height": 1,
    "width": 12
  },
  "textInput18": {
    "container": "form4",
    "height": 0.2,
    "width": 12
  },
  "textInput20": {
    "container": "form4",
    "row": 1.2,
    "height": 0.2,
    "width": 12
  },
  "textInput24": {
    "container": "form6",
    "height": 0.2,
    "width": 12
  },
  "textInput25": {
    "container": "container10",
    "rowGroup": "header",
    "subcontainer": "682d2",
    "row": 1.2,
    "height": 0.2
  },
  "textInput30": {
    "container": "form2",
    "height": 0.2,
    "width": 12
  },
  "textInput31": {
    "container": "form2",
    "row": 0.2,
    "height": 0.2,
    "width": 12
  },
  "textInput32": {
    "container": "form7",
    "height": 0.2,
    "width": 12
  },
  "textInput33": {
    "container": "form7",
    "row": 0.2,
    "height": 0.2,
    "width": 12
  },
  "textInput34": {
    "container": "form5",
    "row": 0.8,
    "height": 0.2,
    "width": 12
  },
  "textInput35": {
    "container": "container7",
    "subcontainer": "e471e",
    "height": 0.2,
    "width": 4,
    "stackPosition": {
      "object": {
        "ordinal": 1,
        "widthType": "fixed",
        "width": 0,
        "height": 0
      }
    }
  }
}
